{
    "forge_marker": 1,
    "defaults": {
	    "model": "drpmedieval:buckets/bucket_dirt",
        "textures": {
            "texture": "drpmedieval:blocks/buckets/bucket",
			"flower_1": "drpmedieval:blocks/invisible",
			"flower_2": "drpmedieval:blocks/invisible",
			"flower_3": "drpmedieval:blocks/invisible"
        },
        "transform": "forge:default-block"
    },
    "variants": {
		"normal": [{
			"model": "drpmedieval:buckets/bucket_dirt"
		}],
		"inventory":{
		    "model": "drpmedieval:buckets/bucket_dirt",
			"textures": {
				"flower_1": "blocks/flower_oxeye_daisy",
				"flower_2": "blocks/flower_tulip_red",
				"flower_3": "blocks/flower_blue_orchid"
			}
		},
        "axis":{
			"x":{},
			"z":{"y" : 90}
		},
        "flower1": {
			0:{
				"textures": {
					"flower_1": "drpmedieval:blocks/invisible"
				}
			},1:{
				"textures": {
					"flower_1": "blocks/flower_dandelion"
				}
			},2:{
				"textures": {
					"flower_1": "blocks/flower_rose"
				}
			},3:{
				"textures": {
					"flower_1": "blocks/flower_blue_orchid"
				}
			},4:{
				"textures": {
					"flower_1": "blocks/flower_allium"
				}
			},5:{
				"textures": {
					"flower_1": "blocks/flower_houstonia"
				}
			},6:{
				"textures": {
					"flower_1": "blocks/flower_tulip_red"
				}
			},7:{
				"textures": {
					"flower_1": "blocks/flower_tulip_orange"
				}
			},8:{
				"textures": {
					"flower_1": "blocks/flower_tulip_white"
				}
			},9:{
				"textures": {
					"flower_1": "blocks/flower_tulip_pink"
				}
			},10:{
				"textures": {
					"flower_1": "blocks/flower_oxeye_daisy"
				}
			}
        },
		"flower2": {
			0:{
				"textures": {
					"flower_2": "drpmedieval:blocks/invisible"
				}
			},1:{
				"textures": {
					"flower_2": "blocks/flower_dandelion"
				}
			},2:{
				"textures": {
					"flower_2": "blocks/flower_rose"
				}
			},3:{
				"textures": {
					"flower_2": "blocks/flower_blue_orchid"
				}
			},4:{
				"textures": {
					"flower_2": "blocks/flower_allium"
				}
			},5:{
				"textures": {
					"flower_2": "blocks/flower_houstonia"
				}
			},6:{
				"textures": {
					"flower_2": "blocks/flower_tulip_red"
				}
			},7:{
				"textures": {
					"flower_2": "blocks/flower_tulip_orange"
				}
			},8:{
				"textures": {
					"flower_2": "blocks/flower_tulip_white"
				}
			},9:{
				"textures": {
					"flower_2": "blocks/flower_tulip_pink"
				}
			},10:{
				"textures": {
					"flower_2": "blocks/flower_oxeye_daisy"
				}
			}
        },
		"flower3": {
			0:{
				"textures": {
					"flower_3": "drpmedieval:blocks/invisible"
				}
			},1:{
				"textures": {
					"flower_3": "blocks/flower_dandelion"
				}
			},2:{
				"textures": {
					"flower_3": "blocks/flower_rose"
				}
			},3:{
				"textures": {
					"flower_3": "blocks/flower_blue_orchid"
				}
			},4:{
				"textures": {
					"flower_3": "blocks/flower_allium"
				}
			},5:{
				"textures": {
					"flower_3": "blocks/flower_houstonia"
				}
			},6:{
				"textures": {
					"flower_3": "blocks/flower_tulip_red"
				}
			},7:{
				"textures": {
					"flower_3": "blocks/flower_tulip_orange"
				}
			},8:{
				"textures": {
					"flower_3": "blocks/flower_tulip_white"
				}
			},9:{
				"textures": {
					"flower_3": "blocks/flower_tulip_pink"
				}
			},10:{
				"textures": {
					"flower_3": "blocks/flower_oxeye_daisy"
				}
			}
        }
    }
}