{
    "forge_marker": 1,
    "defaults": {
		"model": "drpmedieval:dirt_stairs/dirt_stairs_straight",
        "textures":{
			"dirt": "minecraft:blocks/dirt",
			"plank": "drpcmmaarg:blocks/clean_planks/clean_planks_spruce",
			"bark": "drpcmmaarg:blocks/log_side/spruce_log_side"
		},
        "transform": "forge:default-block"
    },
	"variants": {
		"inventory":[{}],
		"facing":{
			"north":{},
			"east":{"y":90},
			"south":{"y":180},
			"west":{"y":270}
		},
		"type":{
			"straight":{"model": "drpmedieval:dirt_stairs/dirt_stairs_straight"},
			"inner_left":{"model": "drpmedieval:dirt_stairs/dirt_stairs_inner"},
			"inner_right":{"model": "drpmedieval:dirt_stairs/dirt_stairs_inner_right"},
			"outer_left":{"model": "drpmedieval:dirt_stairs/dirt_stairs_outer"},
			"outer_right":{"model": "drpmedieval:dirt_stairs/dirt_stairs_outer_left"}
		}
	}
}