{
    "variants":{
        "facing=north,left=false":{"model":"drpmedieval:forge/forge_north", "y":90},
        "facing=east,left=false":{"model":"drpmedieval:forge/forge_north", "y":180},
        "facing=south,left=false":{"model":"drpmedieval:forge/forge_north", "y":270},
        "facing=west,left=false":{"model":"drpmedieval:forge/forge_north"},
		"facing=north,left=true":{"model":"drpmedieval:forge/forge_south", "y":90},
        "facing=east,left=true":{"model":"drpmedieval:forge/forge_south", "y":180},
        "facing=south,left=true":{"model":"drpmedieval:forge/forge_south", "y":270},
        "facing=west,left=true":{"model":"drpmedieval:forge/forge_south"},
        "inventory":{"model":"drpmedieval:forge/forge_item"}
    }
}
