{
    "variants":{
        "east=false,north=false,south=false,west=false":{"model":"drpmedieval:none"},
		"east=false,north=false,south=false,west=true":{"model":"drpmedieval:none"},
		"east=false,north=false,south=true,west=false":{"model":"drpmedieval:none"},
		"east=false,north=false,south=true,west=true":{"model":"drpmedieval:none"},
		"east=false,north=true,south=false,west=false":{"model":"drpmedieval:none"},
		"east=false,north=true,south=false,west=true":{"model":"drpmedieval:none"},
		"east=false,north=true,south=true,west=false":{"model":"drpmedieval:none"},
		"east=false,north=true,south=true,west=true":{"model":"drpmedieval:none"},
		"east=true,north=false,south=false,west=false":{"model":"drpmedieval:none"},
		"east=true,north=false,south=false,west=true":{"model":"drpmedieval:none"},
		"east=true,north=false,south=true,west=false":{"model":"drpmedieval:none"},
		"east=true,north=false,south=true,west=true":{"model":"drpmedieval:none"},
		"east=true,north=true,south=false,west=false":{"model":"drpmedieval:none"},
		"east=true,north=true,south=false,west=true":{"model":"drpmedieval:none"},
		"east=true,north=true,south=true,west=false":{"model":"drpmedieval:none"},
		"east=true,north=true,south=true,west=true":{"model":"drpmedieval:none"}
    }
}
