{
    "forge_marker": 1,
    "defaults": {
		"model": "drpmedieval:torch_holder/torch_holder_empty",
        "transform": "forge:default-block"
    },
	"variants": {
		"facing=north,torch=none,addons=none":					[{"y": 0, "model" : "drpmedieval:torch_holder/empty/torch_holder"}],
		"facing=north,torch=none,addons=lighter":				[{"y": 0, "model" : "drpmedieval:torch_holder/empty/torch_holder_lighter"}],
		"facing=north,torch=none,addons=lever":					[{"y": 0, "model" : "drpmedieval:torch_holder/empty/torch_holder_lever"}],
		"facing=north,torch=none,addons=pulled_lever":			[{"y": 0, "model" : "drpmedieval:torch_holder/empty/torch_holder_pulled_lever"}],
		"facing=north,torch=none,addons=hidden_lever":			[{"y": 0, "model" : "drpmedieval:torch_holder/empty/torch_holder_hidden_lever"}],
		"facing=north,torch=none,addons=pulled_hidden_lever":	[{"y": 0, "model" : "drpmedieval:torch_holder/empty/torch_holder_pulled_hidden_lever"}],
		"facing=north,torch=unlit,addons=none":					[{"y": 0, "model" : "drpmedieval:torch_holder/unlit/torch_holder"}],
		"facing=north,torch=unlit,addons=lighter":				[{"y": 0, "model" : "drpmedieval:torch_holder/unlit/torch_holder_lighter"}],
		"facing=north,torch=unlit,addons=lever":				[{"y": 0, "model" : "drpmedieval:torch_holder/unlit/torch_holder_lever"}],
		"facing=north,torch=unlit,addons=pulled_lever":			[{"y": 0, "model" : "drpmedieval:torch_holder/unlit/torch_holder_pulled_lever"}],
		"facing=north,torch=unlit,addons=hidden_lever":			[{"y": 0, "model" : "drpmedieval:torch_holder/unlit/torch_holder_hidden_lever"}],
		"facing=north,torch=unlit,addons=pulled_hidden_lever":	[{"y": 0, "model" : "drpmedieval:torch_holder/unlit/torch_holder_pulled_hidden_lever"}],
		"facing=north,torch=lit,addons=none":					[{"y": 0, "model" : "drpmedieval:torch_holder/lit/torch_holder"}],
		"facing=north,torch=lit,addons=lighter":				[{"y": 0, "model" : "drpmedieval:torch_holder/lit/torch_holder_lighter"}],
		"facing=north,torch=lit,addons=lever":					[{"y": 0, "model" : "drpmedieval:torch_holder/lit/torch_holder_lever"}],
		"facing=north,torch=lit,addons=pulled_lever":			[{"y": 0, "model" : "drpmedieval:torch_holder/lit/torch_holder_pulled_lever"}],
		"facing=north,torch=lit,addons=hidden_lever":			[{"y": 0, "model" : "drpmedieval:torch_holder/lit/torch_holder_hidden_lever"}],
		"facing=north,torch=lit,addons=pulled_hidden_lever":	[{"y": 0, "model" : "drpmedieval:torch_holder/lit/torch_holder_pulled_hidden_lever"}],
		
		"facing=east,torch=none,addons=none":					[{"y": 90, "model" : "drpmedieval:torch_holder/empty/torch_holder"}],
		"facing=east,torch=none,addons=lighter":				[{"y": 90, "model" : "drpmedieval:torch_holder/empty/torch_holder_lighter"}],
		"facing=east,torch=none,addons=lever":					[{"y": 90, "model" : "drpmedieval:torch_holder/empty/torch_holder_lever"}],
		"facing=east,torch=none,addons=pulled_lever":			[{"y": 90, "model" : "drpmedieval:torch_holder/empty/torch_holder_pulled_lever"}],
		"facing=east,torch=none,addons=hidden_lever":			[{"y": 90, "model" : "drpmedieval:torch_holder/empty/torch_holder_hidden_lever"}],
		"facing=east,torch=none,addons=pulled_hidden_lever":	[{"y": 90, "model" : "drpmedieval:torch_holder/empty/torch_holder_pulled_hidden_lever"}],
		"facing=east,torch=unlit,addons=none":					[{"y": 90, "model" : "drpmedieval:torch_holder/unlit/torch_holder"}],
		"facing=east,torch=unlit,addons=lighter":				[{"y": 90, "model" : "drpmedieval:torch_holder/unlit/torch_holder_lighter"}],
		"facing=east,torch=unlit,addons=lever":					[{"y": 90, "model" : "drpmedieval:torch_holder/unlit/torch_holder_lever"}],
		"facing=east,torch=unlit,addons=pulled_lever":			[{"y": 90, "model" : "drpmedieval:torch_holder/unlit/torch_holder_pulled_lever"}],
		"facing=east,torch=unlit,addons=hidden_lever":			[{"y": 90, "model" : "drpmedieval:torch_holder/unlit/torch_holder_hidden_lever"}],
		"facing=east,torch=unlit,addons=pulled_hidden_lever":	[{"y": 90, "model" : "drpmedieval:torch_holder/unlit/torch_holder_pulled_hidden_lever"}],
		"facing=east,torch=lit,addons=none":					[{"y": 90, "model" : "drpmedieval:torch_holder/lit/torch_holder"}],
		"facing=east,torch=lit,addons=lighter":					[{"y": 90, "model" : "drpmedieval:torch_holder/lit/torch_holder_lighter"}],
		"facing=east,torch=lit,addons=lever":					[{"y": 90, "model" : "drpmedieval:torch_holder/lit/torch_holder_lever"}],
		"facing=east,torch=lit,addons=pulled_lever":			[{"y": 90, "model" : "drpmedieval:torch_holder/lit/torch_holder_pulled_lever"}],
		"facing=east,torch=lit,addons=hidden_lever":			[{"y": 90, "model" : "drpmedieval:torch_holder/lit/torch_holder_hidden_lever"}],
		"facing=east,torch=lit,addons=pulled_hidden_lever":		[{"y": 90, "model" : "drpmedieval:torch_holder/lit/torch_holder_pulled_hidden_lever"}],
		
		"facing=south,torch=none,addons=none":					[{"y": 180, "model" : "drpmedieval:torch_holder/empty/torch_holder"}],
		"facing=south,torch=none,addons=lighter":				[{"y": 180, "model" : "drpmedieval:torch_holder/empty/torch_holder_lighter"}],
		"facing=south,torch=none,addons=lever":					[{"y": 180, "model" : "drpmedieval:torch_holder/empty/torch_holder_lever"}],
		"facing=south,torch=none,addons=pulled_lever":			[{"y": 180, "model" : "drpmedieval:torch_holder/empty/torch_holder_pulled_lever"}],
		"facing=south,torch=none,addons=hidden_lever":			[{"y": 180, "model" : "drpmedieval:torch_holder/empty/torch_holder_hidden_lever"}],
		"facing=south,torch=none,addons=pulled_hidden_lever":	[{"y": 180, "model" : "drpmedieval:torch_holder/empty/torch_holder_pulled_hidden_lever"}],
		"facing=south,torch=unlit,addons=none":					[{"y": 180, "model" : "drpmedieval:torch_holder/unlit/torch_holder"}],
		"facing=south,torch=unlit,addons=lighter":				[{"y": 180, "model" : "drpmedieval:torch_holder/unlit/torch_holder_lighter"}],
		"facing=south,torch=unlit,addons=lever":				[{"y": 180, "model" : "drpmedieval:torch_holder/unlit/torch_holder_lever"}],
		"facing=south,torch=unlit,addons=pulled_lever":			[{"y": 180, "model" : "drpmedieval:torch_holder/unlit/torch_holder_pulled_lever"}],
		"facing=south,torch=unlit,addons=hidden_lever":			[{"y": 180, "model" : "drpmedieval:torch_holder/unlit/torch_holder_hidden_lever"}],
		"facing=south,torch=unlit,addons=pulled_hidden_lever":	[{"y": 180, "model" : "drpmedieval:torch_holder/unlit/torch_holder_pulled_hidden_lever"}],
		"facing=south,torch=lit,addons=none":					[{"y": 180, "model" : "drpmedieval:torch_holder/lit/torch_holder"}],
		"facing=south,torch=lit,addons=lighter":				[{"y": 180, "model" : "drpmedieval:torch_holder/lit/torch_holder_lighter"}],
		"facing=south,torch=lit,addons=lever":					[{"y": 180, "model" : "drpmedieval:torch_holder/lit/torch_holder_lever"}],
		"facing=south,torch=lit,addons=pulled_lever":			[{"y": 180, "model" : "drpmedieval:torch_holder/lit/torch_holder_pulled_lever"}],
		"facing=south,torch=lit,addons=hidden_lever":			[{"y": 180, "model" : "drpmedieval:torch_holder/lit/torch_holder_hidden_lever"}],
		"facing=south,torch=lit,addons=pulled_hidden_lever":	[{"y": 180, "model" : "drpmedieval:torch_holder/lit/torch_holder_pulled_hidden_lever"}],
		
		"facing=west,torch=none,addons=none":					[{"y": 270, "model" : "drpmedieval:torch_holder/empty/torch_holder"}],
		"facing=west,torch=none,addons=lighter":				[{"y": 270, "model" : "drpmedieval:torch_holder/empty/torch_holder_lighter"}],
		"facing=west,torch=none,addons=lever":					[{"y": 270, "model" : "drpmedieval:torch_holder/empty/torch_holder_lever"}],
		"facing=west,torch=none,addons=pulled_lever":			[{"y": 270, "model" : "drpmedieval:torch_holder/empty/torch_holder_pulled_lever"}],
		"facing=west,torch=none,addons=hidden_lever":			[{"y": 270, "model" : "drpmedieval:torch_holder/empty/torch_holder_hidden_lever"}],
		"facing=west,torch=none,addons=pulled_hidden_lever":	[{"y": 270, "model" : "drpmedieval:torch_holder/empty/torch_holder_pulled_hidden_lever"}],
		"facing=west,torch=unlit,addons=none":					[{"y": 270, "model" : "drpmedieval:torch_holder/unlit/torch_holder"}],
		"facing=west,torch=unlit,addons=lighter":				[{"y": 270, "model" : "drpmedieval:torch_holder/unlit/torch_holder_lighter"}],
		"facing=west,torch=unlit,addons=lever":					[{"y": 270, "model" : "drpmedieval:torch_holder/unlit/torch_holder_lever"}],
		"facing=west,torch=unlit,addons=pulled_lever":			[{"y": 270, "model" : "drpmedieval:torch_holder/unlit/torch_holder_pulled_lever"}],
		"facing=west,torch=unlit,addons=hidden_lever":			[{"y": 270, "model" : "drpmedieval:torch_holder/unlit/torch_holder_hidden_lever"}],
		"facing=west,torch=unlit,addons=pulled_hidden_lever":	[{"y": 270, "model" : "drpmedieval:torch_holder/unlit/torch_holder_pulled_hidden_lever"}],
		"facing=west,torch=lit,addons=none":					[{"y": 270, "model" : "drpmedieval:torch_holder/lit/torch_holder"}],
		"facing=west,torch=lit,addons=lighter":					[{"y": 270, "model" : "drpmedieval:torch_holder/lit/torch_holder_lighter"}],
		"facing=west,torch=lit,addons=lever":					[{"y": 270, "model" : "drpmedieval:torch_holder/lit/torch_holder_lever"}],
		"facing=west,torch=lit,addons=pulled_lever":			[{"y": 270, "model" : "drpmedieval:torch_holder/lit/torch_holder_pulled_lever"}],
		"facing=west,torch=lit,addons=hidden_lever":			[{"y": 270, "model" : "drpmedieval:torch_holder/lit/torch_holder_hidden_lever"}],
		"facing=west,torch=lit,addons=pulled_hidden_lever":		[{"y": 270, "model" : "drpmedieval:torch_holder/lit/torch_holder_pulled_hidden_lever"}]
		
	}
}